<?xml version="1.0" encoding="UTF-8"?>
<project-private xmlns="http://www.netbeans.org/ns/project-private/1">
    <editor-bookmarks xmlns="http://www.netbeans.org/ns/editor-bookmarks/2" lastBookmarkId="0"/>
    <open-files xmlns="http://www.netbeans.org/ns/projectui-open-files/2">
        <group>
            <file>file:/C:/Users/Jayvie/OneDrive/Desktop/EYPI%20TRI%20EY%20%20SEKANSEM/Kapi%20Tan/backup/backupers/ScheduleManagement/src/DatabaseConnection.java</file>
            <file>file:/C:/Users/Jayvie/OneDrive/Desktop/EYPI%20TRI%20EY%20%20SEKANSEM/Kapi%20Tan/backup/backupers/ScheduleManagement/src/AdminDashboard.java</file>
            <file>file:/C:/Users/Jayvie/OneDrive/Desktop/EYPI%20TRI%20EY%20%20SEKANSEM/Kapi%20Tan/backup/backupers/ScheduleManagement/src/Schedule.java</file>
            <file>file:/C:/Users/Jayvie/OneDrive/Desktop/EYPI%20TRI%20EY%20%20SEKANSEM/Kapi%20Tan/backup/backupers/ScheduleManagement/src/UserDashboard.java</file>
            <file>file:/C:/Users/Jayvie/OneDrive/Desktop/EYPI%20TRI%20EY%20%20SEKANSEM/Kapi%20Tan/backup/backupers/ScheduleManagement/src/ViewList.java</file>
            <file>file:/C:/Users/Jayvie/OneDrive/Desktop/EYPI%20TRI%20EY%20%20SEKANSEM/Kapi%20Tan/backup/backupers/ScheduleManagement/src/login.java</file>
            <file>file:/C:/Users/Jayvie/OneDrive/Desktop/EYPI%20TRI%20EY%20%20SEKANSEM/Kapi%20Tan/backup/backupers/ScheduleManagement/src/ViewSection.java</file>
        </group>
    </open-files>
</project-private>
